2 ^ Audíte haec, òmnes ġèntes~; áuribus perċìpite, òmnes qui habitátis orbem, 
3 ^ quique terríġenae, et fílii hòminum, sìmul in unum dives et pauper. 
4 ^ Os meum loquétur sapiènçiam, et meditáçio cordis mei prudènçiam. 
5 ^ Inclinábo in parábolam aurem meam~; apèriem in psaltério proposiçiónem meam. 
6 ^ ¿~Cur timébo in die màla~? Iníquitas calcánei mei çircùmdabit me. 
7 ^ Qui confídunt in virtúte sua, et in multitúdine diviçiárum suárum gloriàntur. 
8 ^ Frater non rèdimit, rèdimet hòmo~; non dabit Deo placaçiónem suam, 
9 ^ et prèçium redempçiónis ànimae suae, et laborábit in aetèrnum, 
10 ^ et vivet adhüc in finem; non vidébit intèritum, quum víderit sapièntes morièntes. 
11 ^ Sìmul insápiens et stultus períbunt, et relìnquent aliénïs divìçias suas. 
12 ^ Et sepùlchra eórum domüs illórum in aetèrnum, tabernácula eórum in proġènie et proġènie~; vocavérunt nómina sua in terrïs suïs. 
13 ^ Et hòmo, quum in honóre esset, non intelléxit~; comparátus est jumèntïs insapièntibus, et sìmilis fàctus est illïs. 
14 ^ Haec via illórum scándalum ìpsïs, et póstea in ore suo complaċébunt. 
15 ^ sicut oves in infèrno pósiti sunt~; mors depásċet eos, et dominabùntur eórum justi in matutíno, et auxìlium eórum veteráscet in infèrno a glória eórum. 
16 ^ Verùmtamen Deus rèdimet ànimam meam de mànu ìnferi, quum acċéperit me. 
17 ^ Ne timúerïs quum dives fàctus fúerit hòmo, et quum multiplicáta fúerit glória domüs ejus, 
18 ^ quóniam, quum interíverit, non sumet òmnia, nèque desċèndet cum eo glória ejus. 
19 ^ Quia ànima ejus in vita ìpsius benedicétur~; confitébitur tìbi quum beneféċerïs ei. 
20 ^ Introíbit usque in proġènies pàtrum suórum, et usque in aetèrnum non vidébit lumen. 
21 ^ Hòmo, quum in honóre esset, non intelléxit~; comparátus est jumèntïs insapièntibus, et sìmilis fàctus est illïs. 
